"RK",TIERS,"PLAYER NAME",TEAM,"POS","BEST","WORST","AVG.","STD.DEV","ECR VS. ADP"
"1",1,"Jahmyr Gibbs",DET,"RB1","1","3","1.4","0.6","0"
"2",1,"Bijan Robinson",ATL,"RB2","1","3","2.3","0.5","0"
"3",1,"Ja'Marr Chase",CIN,"WR1","1","6","2.5","1.1","0"
"4",1,"Puka Nacua",LAR,"WR2","3","6","4.1","0.5","0"
"5",1,"Jaxon Smith-Njigba",SEA,"WR3","4","8","6.0","1.0","+2"
"6",1,"Amon-Ra St. Brown",DET,"WR4","4","9","6.6","1.2","+2"
"7",1,"Jonathan Taylor",IND,"RB3","5","15","8.8","2.6","-2"
"8",2,"Christian McCaffrey",SF,"RB4","4","20","7.5","3.6","-2"
"9",2,"CeeDee Lamb",DAL,"WR5","7","16","9.9","2.2","+4"
"10",2,"James Cook III",BUF,"RB5","7","13","10.2","1.8","-1"
"11",2,"Justin Jefferson",MIN,"WR6","8","18","10.7","2.7","0"
"12",2,"Saquon Barkley",PHI,"RB6","10","29","15.9","4.3","-4"
"13",2,"A.J. Brown",NE,"WR7","9","28","16.2","4.3","+4"
"14",2,"Chase Brown",CIN,"RB7","11","23","15.2","4.2","+2"
"15",2,"Drake London",ATL,"WR8","10","22","15.8","4.0","+7"
"16",2,"De'Von Achane",MIA,"RB8","10","30","16.9","4.4","-4"
"17",2,"Brock Bowers",LV,"TE1","11","22","17.7","2.8","+5"
"18",2,"Nico Collins",HOU,"WR9","14","25","18.1","2.9","+5"
"19",3,"Kenneth Walker III",KC,"RB9","9","37","18.7","5.5","-3"
"20",3,"Omarion Hampton",LAC,"RB10","9","33","20.6","6.1","-5"
"21",3,"Derrick Henry",BAL,"RB11","14","30","20.9","3.7","-4"
"22",3,"Chris Olave",NO,"WR10","13","30","22.7","4.2","+2"
"23",3,"Ashton Jeanty",LV,"RB12","15","35","22.4","6.4","-5"
"24",3,"Trey McBride",ARI,"TE2","15","33","22.5","4.6","+1"
"25",3,"George Pickens",DAL,"WR11","11","29","21.7","3.9","+2"
"26",3,"Malik Nabers",NYG,"WR12","19","41","27.4","5.5","+4"
"27",3,"Josh Allen",BUF,"QB1","25","44","28.3","5.4","-6"
"28",3,"DeVonta Smith",PHI,"WR13","19","47","29.8","5.0","+3"
"29",4,"Zay Flowers",BAL,"WR14","25","44","32.5","4.7","+5"
"30",4,"Rashee Rice",KC,"WR15","21","51","32.8","6.4","+3"
"31",4,"Kyren Williams",LAR,"RB13","25","50","34.0","5.7","-5"
"32",4,"Javonte Williams",DAL,"RB14","23","45","35.1","5.1","-3"
"33",4,"Tee Higgins",CIN,"WR16","26","46","35.6","4.5","+7"
"34",4,"Breece Hall",NYJ,"RB15","24","44","36.5","4.9","-2"
"35",4,"Garrett Wilson",NYJ,"WR17","30","47","38.1","4.7","+7"
"36",4,"Lamar Jackson",BAL,"QB2","27","62","36.9","11.1","+1"
"37",4,"Jaylen Waddle",DEN,"WR18","27","46","36.8","4.9","+8"
"38",4,"Tetairoa McMillan",CAR,"WR19","27","49","39.0","5.5","0"
"39",4,"Ladd McConkey",LAC,"WR20","26","47","38.9","4.6","0"
"40",4,"Colston Loveland",CHI,"TE3","24","66","39.1","8.6","+1"
"41",4,"Jeremiyah Love",ARI,"RB16","24","60","39.4","8.5","-13"
"42",4,"Drake Maye",NE,"QB3","27","65","41.1","14.3","+9"
"43",4,"Emeka Egbuka",TB,"WR21","30","59","42.9","5.1","+2"
"44",4,"Travis Etienne Jr.",NO,"RB17","33","52","44.3","5.2","-9"
"45",4,"Luther Burden III",CHI,"WR22","33","74","48.2","8.4","+7"
"46",4,"Davante Adams",LAR,"WR23","38","64","49.8","6.9","+9"
"47",4,"D'Andre Swift",CHI,"RB18","36","64","48.7","5.6","-5"
"48",4,"Jameson Williams",DET,"WR24","35","61","47.2","6.2","+13"
"49",4,"Joe Burrow",CIN,"QB4","29","82","50.2","15.8","+3"
"50",5,"Terry McLaurin",WAS,"WR25","41","63","51.1","5.5","+5"
"51",5,"Bucky Irving",TB,"RB19","39","61","51.4","5.2","-5"
"52",5,"Cam Skattebo",NYG,"RB20","42","72","52.8","6.0","-16"
"53",5,"David Montgomery",HOU,"RB21","43","65","54.6","5.5","-5"
"54",5,"Tyler Warren",IND,"TE4","34","76","55.0","9.2","-4"
"55",5,"Quinshon Judkins",CLE,"RB22","40","71","55.2","6.7","-8"
"56",5,"Christian Watson",GB,"WR26","42","74","55.5","8.6","+9"
"57",5,"DJ Moore",BUF,"WR27","35","91","56.3","9.2","-8"
"58",5,"Jayden Daniels",WAS,"QB5","36","90","58.4","10.3","+6"
"59",5,"Rome Odunze",CHI,"WR28","48","74","60.7","7.4","0"
"60",5,"Mike Evans",SF,"WR29","46","80","60.5","9.3","+9"
"61",5,"Jadarian Price",SEA,"RB23","49","79","61.5","7.0","-8"
"62",5,"Bhayshul Tuten",JAC,"RB24","48","79","61.0","7.7","-5"
"63",5,"Parker Washington",JAC,"WR30","39","102","61.5","11.4","+3"
"64",5,"Jalen Hurts",PHI,"QB6","36","80","61.9","11.8","-3"
"65",5,"TreVeyon Henderson",NE,"RB25","49","79","63.7","6.8","-6"
"66",5,"Rhamondre Stevenson",NE,"RB26","55","84","68.5","7.3","+1"
"67",5,"Jaylen Warren",PIT,"RB27","59","85","69.2","5.4","+2"
"68",5,"Caleb Williams",CHI,"QB7","53","100","70.4","10.0","+4"
"69",5,"Tucker Kraft",GB,"TE5","56","94","71.0","9.8","-7"
"70",5,"Marvin Harrison Jr.",ARI,"WR31","58","101","73.5","10.1","+5"
"71",5,"Carnell Tate",TEN,"WR32","50","115","73.5","10.3","+7"
"72",5,"Justin Herbert",LAC,"QB8","44","104","73.5","12.6","+6"
"73",6,"DK Metcalf",PIT,"WR33","59","101","76.8","8.3","+6"
"74",6,"Rico Dowdle",PIT,"RB28","65","94","77.2","8.6","+1"
"75",6,"Trevor Lawrence",JAC,"QB9","62","111","78.6","12.5","+12"
"76",6,"Chris Godwin Jr.",TB,"WR34","54","95","80.4","9.1","+5"
"77",6,"Dak Prescott",DAL,"QB10","62","105","79.9","11.9","+3"
"78",6,"Harold Fannin Jr.",CLE,"TE6","55","97","80.0","11.0","-8"
"79",6,"Tony Pollard",TEN,"RB29","67","92","80.4","6.5","-7"
"80",6,"Brian Thomas Jr.",JAC,"WR35","59","95","78.9","7.8","+6"
"81",6,"Jonathon Brooks",CAR,"RB30","65","139","80.1","13.3","+2"
"82",6,"Kyle Pitts Sr.",ATL,"TE7","65","94","82.9","6.9","-10"
"83",6,"Sam LaPorta",DET,"TE8","64","109","82.0","10.7","-11"
"84",6,"Courtland Sutton",DEN,"WR36","54","110","83.9","13.2","+7"
"85",6,"MarShawn Lloyd",GB,"RB31","55","158","84.8","22.4","-2"
"86",6,"Quentin Johnston",LAC,"WR37","70","105","88.1","7.6","+12"
"87",6,"J.K. Dobbins",DEN,"RB32","77","115","92.2","10.2","0"
"88",6,"Michael Pittman Jr.",PIT,"WR38","68","121","90.9","12.4","+25"
"89",6,"Blake Corum",LAR,"RB33","71","116","89.2","9.6","+5"
"90",6,"Alec Pierce",IND,"WR39","74","134","96.0","13.1","0"
"91",6,"George Kittle",SF,"TE9","66","111","94.6","9.1","-3"
"92",6,"Brock Purdy",SF,"QB11","77","114","95.0","7.9","+23"
"93",6,"Stefon Diggs",WAS,"WR40","71","132","99.8","14.3","+8"
"94",6,"Chuba Hubbard",CAR,"RB34","77","128","97.2","12.9","-10"
"95",6,"Jaxson Dart",NYG,"QB12","62","132","97.7","15.5","+1"
"96",6,"RJ Harvey",DEN,"RB35","74","129","98.5","15.4","-6"
"97",6,"Josh Downs",IND,"WR41","77","131","99.4","13.6","+14"
"98",6,"Michael Wilson",ARI,"WR42","74","128","93.7","12.0","-4"
"99",6,"Jordan Mason",MIN,"RB36","82","138","103.4","14.5","-10"
"100",6,"Jayden Reed",GB,"WR43","78","124","101.0","14.1","+9"
"101",6,"Bo Nix",DEN,"QB13","90","128","103.8","8.8","-1"
"102",6,"Wan'Dale Robinson",TEN,"WR44","80","120","102.7","10.3","+26"
"103",7,"Travis Kelce",KC,"TE10","85","141","103.3","13.1","-8"
"104",7,"Jacory Croskey-Merritt",WAS,"RB37","72","119","100.4","11.4","-2"
"105",7,"Patrick Mahomes II",KC,"QB14","73","133","101.8","13.6","+13"
"106",7,"Jordan Addison",MIN,"WR45","83","131","103.8","12.7","+2"
"107",7,"Dalton Kincaid",BUF,"TE11","81","133","106.3","10.5","-7"
"108",7,"Kenny Gainwell",TB,"RB38","79","126","107.5","12.3","-1"
"109",7,"Kyle Monangai",CHI,"RB39","82","131","108.6","10.6","-10"
"110",7,"Jared Goff",DET,"QB15","79","145","109.7","12.4","+12"
"111",7,"Makai Lemon",PHI,"WR46","83","148","111.1","14.6","+1"
"112",7,"Matthew Stafford",LAR,"QB16","90","146","111.8","12.9","-9"
"113",7,"Jakobi Meyers",JAC,"WR47","73","146","113.7","15.2","+26"
"114",7,"Rachaad White",WAS,"RB40","99","133","114.8","8.3","+9"
"115",7,"Kyler Murray",MIN,"QB17","99","141","115.4","11.6","+14"
"116",7,"Isaiah Likely",NYG,"TE12","95","151","118.2","13.4","-18"
"117",7,"De'Zhaun Stribling",SF,"WR48","71","169","121.2","21.7","-15"
"118",7,"Aaron Jones Sr.",MIN,"RB41","92","140","118.0","10.8","+7"
"119",7,"Dallas Goedert",PHI,"TE13","95","137","116.2","11.0","+1"
"120",7,"KC Concepcion",CLE,"WR49","78","188","117.8","18.8","+2"
"121",7,"Matthew Golden",GB,"WR50","99","157","122.0","15.0","+9"
"122",7,"Jordan Love",GB,"QB18","102","147","122.0","12.0","+13"
"123",7,"Xavier Worthy",KC,"WR51","100","153","124.1","12.4","+18"
"124",7,"Chris Rodriguez Jr.",JAC,"RB42","102","166","125.9","11.9","+8"
"125",7,"Woody Marks",HOU,"RB43","108","148","127.7","9.1","+8"
"126",7,"Juwan Johnson",NO,"TE14","105","155","129.2","12.6","+5"
"127",7,"Jake Ferguson",DAL,"TE15","110","157","129.4","11.4","-7"
"128",7,"Mark Andrews",BAL,"TE16","96","170","129.4","16.1","-3"
"129",7,"Romeo Doubs",NE,"WR52","100","169","131.7","14.7","+14"
"130",7,"Tyler Shough",NO,"QB19","103","190","130.8","17.7","+32"
"131",7,"Baker Mayfield",TB,"QB20","118","173","130.8","13.0","+13"
"132",7,"Tyler Allgeier",ARI,"RB44","116","162","131.3","10.7","+4"
"133",7,"Khalil Shakir",BUF,"WR53","116","149","133.7","8.9","+27"
"134",7,"Deebo Samuel Sr.",SF,"WR54","109","169","135.9","16.9","+1"
"135",7,"Josh Jacobs",GB,"RB45","57","288","136.0","50.3","-83"
"136",7,"Jalen Coker",CAR,"WR55","108","163","130.0","12.9","+30"
"137",7,"Malik Willis",MIA,"QB21","112","236","137.0","21.0","+17"
"138",7,"Tyjae Spears",TEN,"RB46","116","177","134.6","12.8","+25"
"139",7,"Keaton Mitchell",LAC,"RB47","115","163","139.0","11.8","+23"
"140",8,"Rashid Shaheed",SEA,"WR56","121","164","143.4","10.3","+6"
"141",8,"Denzel Boston",CLE,"WR57","130","272","157.1","25.7","+30"
"142",8,"Zach Charbonnet",SEA,"RB48","117","175","143.9","12.6","+10"
"143",8,"Mike Washington Jr.",LV,"RB49","106","205","148.0","20.6","-24"
"144",8,"Dylan Sampson",CLE,"RB50","123","181","145.3","14.1","+64"
"145",8,"Sam Darnold",SEA,"QB22","127","213","150.4","18.0","+4"
"146",8,"Jonah Coleman",DEN,"RB51","115","181","139.0","16.7","+2"
"147",8,"Brian Robinson Jr.",ATL,"RB52","133","222","158.9","14.9","-9"
"148",8,"C.J. Stroud",HOU,"QB23","135","209","153.6","15.7","+24"
"149",8,"Brenton Strange",JAC,"TE17","111","195","153.6","17.4","+24"
"150",8,"Hunter Henry",NE,"TE18","136","202","155.8","17.1","+1"
"151",8,"Jordyn Tyson",NO,"WR58","107","204","143.4","21.8","-23"
"152",8,"Tre Tucker",LV,"WR59","122","222","158.5","20.8","+14"
"153",8,"Tank Bigsby",PHI,"RB53","129","198","152.2","14.0","+8"
"154",8,"Daniel Jones",IND,"QB24","128","241","159.7","26.7","+28"
"155",8,"Chig Okonkwo",WAS,"TE19","138","225","166.0","20.5","+14"
"156",8,"Dalton Schultz",HOU,"TE20","135","204","166.0","18.7","+24"
"157",8,"Alvin Kamara",NO,"RB54","117","247","169.4","30.4","-4"
"158",8,"Cam Ward",TEN,"QB25","138","241","169.6","22.3","+20"
"159",8,"Kayshon Boutte",HOU,"WR60","132","206","169.7","20.4","-9"
"160",8,"Tyrone Tracy Jr.",NYG,"RB55","129","300","170.3","38.1","-2"
"161",8,"Houston Texans",HOU,"DST1","142","193","156.2","12.0","-51"
"162",8,"Braelon Allen",NYJ,"RB56","130","258","171.4","29.9","+5"
"163",8,"Adonai Mitchell",NYJ,"WR61","144","223","171.7","19.3","+69"
"164",8,"Jerry Jeudy",CLE,"WR62","141","231","175.4","20.9","+62"
"165",8,"Jalen McMillan",TB,"WR63","137","300","178.2","32.6","+60"
"166",8,"Los Angeles Rams",LAR,"DST2","143","197","164.7","10.6","-64"
"167",8,"Dontayvion Wicks",PHI,"WR64","155","280","187.4","27.0","+32"
"168",8,"Emmett Johnson",KC,"RB57","132","221","166.1","23.7","-12"
"169",8,"Seattle Seahawks",SEA,"DST3","149","196","168.5","10.2","-44"
"170",8,"Denver Broncos",DEN,"DST4","149","210","168.2","13.7","-42"
"171",8,"Jauan Jennings",MIN,"WR65","114","226","179.2","21.7","+64"
"172",8,"Ray Davis",BUF,"RB58","151","247","185.7","28.1","+3"
"173",8,"Ryan Flournoy",DAL,"WR66","158","271","185.2","24.2","+76"
"174",8,"Tre' Harris",LAC,"WR67","150","269","186.6","26.1","+60"
"175",8,"Bryce Young",CAR,"QB26","146","251","188.8","26.1","+2"
"176",8,"Terrance Ferguson",LAR,"TE21","122","279","190.1","36.7","0"
"177",8,"Keenan Allen",IND,"WR68","132","283","193.4","40.1","-13"
"178",8,"Philadelphia Eagles",PHI,"DST5","166","211","177.3","12.0","-40"
"179",8,"Omar Cooper Jr.",NYJ,"WR69","160","226","184.7","17.5","+28"
"180",8,"Isiah Pacheco",DET,"RB59","140","296","186.6","40.3","0"
"181",9,"Pat Bryant",DEN,"WR70","161","231","190.7","18.5","+61"
"182",9,"AJ Barner",SEA,"TE22","152","244","195.9","21.2","+14"
"183",9,"Kimani Vidal",LAC,"RB60","155","287","192.2","31.7","+57"
"184",9,"Jalen Nailor",LV,"WR71","141","301","191.3","34.7","-8"
"185",9,"New England Patriots",NE,"DST6","171","269","187.7","18.0","-11"
"186",9,"Malik Washington",MIA,"WR72","148","295","201.1","36.6","+28"
"187",9,"Pittsburgh Steelers",PIT,"DST7","180","235","190.8","12.2","+3"
"188",9,"Minnesota Vikings",MIN,"DST8","171","254","189.7","18.3","-3"
"189",9,"Jacksonville Jaguars",JAC,"DST9","171","255","190.5","15.5","-2"
"190",9,"Calvin Ridley",TEN,"WR73","163","294","210.1","28.9","+47"
"191",9,"T.J. Hockenson",MIN,"TE23","154","249","192.4","22.0","-21"
"192",9,"Baltimore Ravens",BAL,"DST10","183","324","207.3","26.8","-11"
"193",9,"Jaylin Noel",HOU,"WR74","167","263","205.4","20.6","+112"
"194",9,"Rashod Bateman",BAL,"WR75","197","272","228.6","21.8","+110"
"195",9,"Kenyon Sadiq",NYJ,"TE24","153","277","214.6","29.9","-16"
"196",9,"Sean Tucker",TB,"RB61","164","270","203.5","28.0","+58"
"197",9,"Kaelon Black",SF,"RB62","140","309","206.7","41.2","-53"
"198",9,"Nicholas Singleton",TEN,"RB63","159","287","203.4","30.4","+38"
"199",9,"Los Angeles Chargers",LAC,"DST11","180","256","194.7","16.7","-2"
"200",9,"Kansas City Chiefs",KC,"DST12","181","290","209.7","25.0","+15"
"201",9,"Brandon Aubrey",DAL,"K1","138","209","183.1","13.5","-85"
"202",9,"Najee Harris",NYG,"RB64","158","283","218.7","36.4","+64"
"203",9,"Gunnar Helm",TEN,"TE25","181","267","224.6","21.8","+49"
"204",9,"Ja'Kobi Lane",BAL,"WR76","137","311","205.3","41.4","-60"
"205",9,"Malik Davis",DAL,"RB65","151","307","220.2","48.4","+43"
"206",9,"Cooper Kupp",SEA,"WR77","198","284","233.5","23.5","-14"
"207",9,"Kaytron Allen",WAS,"RB66","166","285","216.6","24.1","+39"
"208",9,"Travis Hunter",JAC,"WR78","144","298","200.3","36.0","+45"
"209",9,"Ka'imi Fairbairn",HOU,"K2","168","216","192.3","8.9","-75"
"210",9,"Jaylen Wright",MIA,"RB67","171","270","226.2","23.1","+39"
"211",9,"James Conner",ARI,"RB68","156","310","239.3","32.0","-31"
"212",9,"Darnell Mooney",NYG,"WR79","192","284","235.0","21.1","+91"
"213",9,"Cameron Dicker",LAC,"K3","171","226","194.1","10.1","-71"
"214",9,"Chris Bell",MIA,"WR80","161","329","233.0","38.1","-5"
"215",9,"Germie Bernard",PIT,"WR81","213","302","240.0","21.2","+29"
"216",9,"Pat Freiermuth",PIT,"TE26","185","264","227.1","21.7","-33"
"217",9,"Zachariah Branch",ATL,"WR82","190","295","233.8","29.7","+28"
"218",9,"Cam Little",JAC,"K4","169","237","199.6","12.3","-54"
"219",9,"Jacoby Brissett",ARI,"QB27","152","347","228.0","40.0","+16"
"220",9,"Jason Myers",SEA,"K5","174","238","201.6","11.0","-75"
"221",9,"Justice Hill",BAL,"RB69","155","299","231.3","41.6","0"
"222",9,"George Holani",SEA,"RB70","165","291","230.6","33.4","+49"
"223",9,"Malachi Fields",NYG,"WR83","156","283","222.8","32.1","+4"
"224",9,"Eddy Pineiro",SF,"K6","172","240","207.8","10.2","-24"
"225",9,"Chase McLaughlin",TB,"K7","182","250","222.6","13.8","-23"
"226",9,"Emanuel Wilson",SEA,"RB71","173","321","234.6","33.9","+47"
"227",9,"Troy Franklin",DEN,"WR84","174","301","238.1","29.2","+101"
"228",9,"Cade Otton",TB,"TE27","184","273","231.6","24.2","+26"
"229",9,"Isaac TeSlaa",DET,"WR85","177","265","217.7","23.2","-4"
"230",9,"Green Bay Packers",GB,"DST13","181","389","217.6","41.4","-23"
"231",10,"Cleveland Browns",CLE,"DST14","185","500","229.1","56.2","-6"
"232",10,"Geno Smith",NYJ,"QB28","189","316","251.0","29.5","+4"
"233",10,"Oronde Gadsden II",LAC,"TE28","105","301","216.3","39.6","-1"
"234",10,"Antonio Williams",WAS,"WR86","192","304","248.3","29.2","-4"
"235",10,"Jack Bech",LV,"WR87","202","295","252.3","21.7","+66"
"236",10,"Kaleb Johnson",GB,"RB72","174","305","235.7","26.7","-42"
"237",10,"Jake Bates",DET,"K8","187","257","225.9","14.0","-48"
"238",10,"Aaron Rodgers",PIT,"QB29","152","301","231.4","39.6","-53"
"239",10,"Tyler Loop",BAL,"K9","178","259","210.3","13.7","-24"
"240",10,"Buffalo Bills",BUF,"DST15","189","339","228.8","28.2","0"
"241",10,"Samaje Perine",CIN,"RB73","174","314","248.6","36.6","+68"
"242",10,"Devaughn Vele",NO,"WR88","168","308","244.3","36.6","+38"
"243",10,"Tank Dell",HOU,"WR89","172","310","228.4","34.1","+17"
"244",10,"Evan McPherson",CIN,"K10","179","332","222.1","29.3","-59"
"245",10,"Detroit Lions",DET,"DST16","185","338","226.1","31.7","-36"
"246",10,"Will Reichard",MIN,"K11","197","306","251.6","25.8","-80"
"247",10,"Caleb Douglas",MIA,"WR90","143","330","226.5","48.4","-14"
"248",10,"Cairo Santos",CHI,"K12","184","332","225.4","26.3","+20"
"249",10,"Keon Coleman",BUF,"WR91","198","288","249.8","22.0","+31"
"250",10,"Ted Hurst III",TB,"WR92","180","355","250.0","41.8","+5"
"251",10,"Ollie Gordon II",MIA,"RB74","226","294","252.7","18.3","+40"
"252",10,"Evan Engram",DEN,"TE29","222","303","257.4","16.7","+27"
"253",10,"Chris Brooks",GB,"RB75","154","294","232.9","38.0","+47"
"254",10,"David Njoku",LAC,"TE30","209","348","254.3","27.1","-73"
"255",10,"Demond Claiborne",MIN,"RB76","148","302","241.7","32.7","+19"
"256",10,"Harrison Mevis",LAR,"K13","191","253","228.7","14.9","-55"
"257",10,"Tyquan Thornton",KC,"WR93","198","326","266.4","25.5","-"
"258",10,"Colby Parkinson",LAR,"TE31","218","313","259.0","18.8","+19"
"259",10,"Fernando Mendoza",LV,"QB30","193","323","267.8","30.9","-94"
"260",10,"Kendre Miller",NO,"RB77","200","312","268.6","25.2","-"
"261",10,"Ty Johnson",BUF,"RB78","188","308","259.5","26.4","+28"
"262",10,"LeQuint Allen Jr.",JAC,"RB79","237","331","272.0","18.5","+55"
"263",10,"Andy Borregales",NE,"K14","186","252","224.6","16.2","-24"
"264",10,"Isaiah Davis",NYJ,"RB80","218","288","254.9","21.4","-"
"265",10,"Chris Boswell",PIT,"K15","208","310","249.9","19.1","-50"
"266",10,"Elic Ayomanor",TEN,"WR94","201","330","265.1","28.1","-"
"267",10,"Mason Taylor",NYJ,"TE32","228","334","276.1","25.8","-"
"268",10,"Jordan James",SF,"RB81","187","309","259.0","32.6","-4"
"269",10,"Tua Tagovailoa",ATL,"QB31","269","427","299.7","34.0","-21"
"270",10,"Seth McGowan",IND,"RB82","179","315","253.4","35.5","+11"
"271",10,"Tory Horton",SEA,"WR95","223","368","273.4","26.8","+51"
"272",10,"Darius Slayton",NYG,"WR96","","","","","-"
"273",10,"Chimere Dike",TEN,"WR97","221","375","268.9","30.9","-"
"274",10,"Michael Penix Jr.",ATL,"QB32","215","484","300.2","44.0","-21"
"275",10,"DJ Giddens",IND,"RB83","236","340","281.4","19.3","-"
"276",10,"Cyrus Allen",KC,"WR98","139","307","225.5","55.1","-54"
"277",10,"Marvin Mims Jr.",DEN,"WR99","236","339","275.4","21.7","-"
"278",10,"Theo Johnson",NYG,"TE33","219","344","275.1","28.1","+23"
"279",10,"Xavier Legette",CAR,"WR100","214","312","269.6","26.7","-"
"280",10,"Brashard Smith",KC,"RB84","233","318","278.5","22.4","-"
"281",10,"New Orleans Saints",NO,"DST17","209","381","260.8","35.7","-"
"282",10,"Harrison Butker",KC,"K16","225","308","253.1","15.7","-72"
"283",10,"Skyler Bell",BUF,"WR101","262","366","297.3","27.2","-27"
"284",10,"Shedeur Sanders",CLE,"QB33","259","381","308.7","24.5","-21"
"285",10,"Wil Lutz",DEN,"K17","237","327","275.3","24.2","-32"
"286",10,"Kyle Williams",NE,"WR102","209","393","277.1","32.3","-"
"287",10,"Kirk Cousins",LV,"QB34","252","580","313.0","56.5","-24"
"288",10,"Indianapolis Colts",IND,"DST18","214","495","279.5","52.9","-"
"289",10,"Deshaun Watson",CLE,"QB35","225","582","311.3","60.3","-25"
"290",10,"Eli Stowers",PHI,"TE34","223","360","289.3","36.3","-19"
"291",10,"Adam Randall",BAL,"RB85","226","353","282.2","26.4","-"
"292",10,"Devin Singletary",NYG,"RB86","255","367","292.6","21.0","-15"
"293",11,"Emari Demercado",DAL,"RB87","242","355","290.5","20.8","+7"
"294",11,"Tahj Brooks",CIN,"RB88","239","348","304.9","19.2","-"
"295",11,"Elijah Sarratt",BAL,"WR103","239","376","276.9","27.4","-"
"296",11,"San Francisco 49ers",SF,"DST19","216","365","271.0","34.1","-84"
"297",11,"Hollywood Brown",PHI,"WR104","251","365","294.1","22.1","-"
"298",11,"DeMario Douglas",NE,"WR105","194","342","268.7","38.9","-"
"299",11,"Christian Kirk",SF,"WR106","257","415","293.3","37.4","-"
"300",11,"Trevor Etienne",CAR,"RB89","276","344","303.1","14.3","-"
"301",11,"Mack Hollins",NE,"WR107","236","409","297.4","34.5","-"
"302",11,"Greg Dulcich",MIA,"TE35","172","324","226.5","38.6","-51"
"303",11,"Jaydon Blue",PHI,"RB90","188","382","257.6","47.7","-22"
"304",11,"Isaiah Bond",CLE,"WR108","266","345","301.1","21.3","-"
"305",11,"Dallas Cowboys",DAL,"DST20","187","497","308.3","91.2","-151"
"306",11,"Mike Gesicki",CIN,"TE36","216","313","269.2","26.7","-"
"307",11,"Devin Neal",FA,"RB91","224","383","281.6","34.0","-"
"308",11,"Trey Benson",ARI,"RB92","235","366","291.1","26.9","-4"
"309",11,"Oscar Delp",NO,"TE37","260","358","318.1","36.4","-"
"310",11,"Isaac Guerendo",SF,"RB93","255","456","313.1","41.4","-"
"311",11,"Andrei Iosivas",CIN,"WR109","209","335","278.5","31.0","-"
"312",11,"Will Shipley",PHI,"RB94","291","410","314.6","22.9","-"
"313",11,"Audric Estime",NO,"RB95","271","432","314.6","31.6","-"
"314",11,"Jake Tonges",SF,"TE38","221","348","286.2","34.3","-23"
"315",11,"Darren Waller",CAR,"TE39","194","341","252.0","38.9","-10"
"316",11,"Jerome Ford",WAS,"RB96","252","348","297.4","23.3","-"
"317",11,"Jarquez Hunter",FA,"RB97","262","460","319.8","44.1","-"
"318",11,"Michael Mayer",LV,"TE40","222","347","292.9","32.7","-6"
"319",11,"Jahan Dotson",ATL,"WR110","201","361","279.5","44.5","-"
"320",11,"Jaleel McLaughlin",CLE,"RB98","249","458","315.9","45.0","-"
"321",11,"Kareem Hunt",FA,"RB99","270","353","310.7","21.0","-"
"322",11,"Darnell Washington",PIT,"TE41","209","329","281.6","35.1","-"
"323",11,"Bryce Lance",NO,"WR111","241","343","286.3","28.4","-19"
"324",11,"Brandon Aiyuk",SF,"WR112","196","333","286.4","33.0","-2"
"325",11,"Jalen Tolbert",MIA,"WR113","243","364","296.2","36.3","-60"
"326",11,"Charlie Kolar",LAC,"TE42","206","359","275.2","40.3","-"
"327",11,"Tyler Higbee",LAR,"TE43","286","351","320.7","18.1","-"
"328",11,"Jake Elliott",PHI,"K18","316","369","333.3","21.6","-174"
"329",11,"Elijah Arroyo",SEA,"TE44","241","337","290.6","31.7","-"
"330",11,"Xavier Hutchinson",HOU,"WR114","236","346","283.8","32.7","-"
"331",11,"Kendrick Bourne",ARI,"WR115","246","367","292.5","35.9","-"
"332",11,"Erick All Jr.",CIN,"TE45","227","360","312.1","44.9","-"
"333",11,"Zavion Thomas",CHI,"WR116","257","380","317.3","38.0","-"
"334",11,"Carolina Panthers",CAR,"DST21","233","498","330.5","77.3","-"
"335",11,"Joshua Palmer",BUF,"WR117","254","370","309.2","38.9","-"
"336",11,"Mac Jones",SF,"QB36","309","682","381.1","102.1","-"
"337",12,"Malik Benson",LV,"WR118","249","372","317.9","39.0","-"
"338",12,"Brenen Thompson",LAC,"WR119","263","375","306.2","30.6","-"
"339",12,"Eli Raridon",NE,"TE46","215","373","312.8","47.4","-"
"340",12,"Tyreek Hill",FA,"WR120","238","372","288.6","32.2","-134"
"341",12,"Konata Mumpfield",LAR,"WR121","278","589","335.3","78.0","-"
"342",12,"KaVontae Turpin",DAL,"WR122","237","390","317.1","52.2","-"
"343",12,"Cole Kmet",CHI,"TE47","260","349","307.5","28.3","-"
"344",12,"Roman Wilson",PIT,"WR123","264","386","307.3","38.7","-"
"345",12,"Jacob Saylors",DET,"RB100","215","371","287.2","56.4","-64"
"346",12,"Bam Knight",ARI,"RB101","270","443","323.9","39.9","-"
"347",12,"Dawson Knox",BUF,"TE48","264","356","318.3","31.2","-"
"348",12,"Noah Gray",KC,"TE49","303","356","329.1","16.5","-"
"349",12,"J.J. McCarthy",MIN,"QB37","319","581","375.2","82.4","-"
"350",12,"Olamide Zaccheaus",ATL,"WR124","272","355","310.2","27.0","-"
"351",12,"Luke McCaffrey",WAS,"WR125","277","568","347.1","70.2","-"
"352",12,"Roschon Johnson",CHI,"RB102","243","394","317.0","38.1","-"
"353",12,"Carson Beck",ARI,"QB38","277","579","347.1","74.4","-69"
"354",12,"Kalif Raymond",CHI,"WR126","288","379","321.6","33.8","-"
"355",12,"Raheim Sanders",CLE,"RB103","289","357","319.6","18.8","-"
"356",12,"Tez Johnson",TB,"WR127","283","384","322.3","28.6","-"
"357",12,"Jalen Royals",KC,"WR128","308","587","369.6","71.8","-"
"358",12,"CJ Daniels",LAR,"WR129","291","615","391.2","104.5","-"
"359",12,"Joe Mixon",FA,"RB104","271","359","310.8","22.7","-"
"360",12,"Atlanta Falcons",ATL,"DST22","205","505","298.6","53.5","-"
"361",12,"Eli Heidenreich",PIT,"RB105","286","375","330.5","26.8","-"
"362",12,"Savion Williams",GB,"WR130","312","375","353.3","17.9","-"
"363",12,"Odell Beckham Jr.",NYG,"WR131","242","377","315.5","47.2","-"
"364",12,"Chicago Bears",CHI,"DST23","193","501","294.8","77.3","-123"
"365",12,"Sione Vaki",DET,"RB106","280","361","326.0","23.1","-"
"366",12,"Max Klare",LAR,"TE50","297","363","338.7","23.0","-"
"367",12,"Justin Fields",KC,"QB39","317","585","374.0","72.4","-"
"368",12,"Treylon Burks",WAS,"WR132","304","395","339.1","31.4","-"
"369",12,"Rasheen Ali",BAL,"RB107","283","364","329.0","28.1","-"
"370",12,"Michael Carter",TEN,"RB108","298","471","367.0","65.4","-"
"371",12,"Noah Fant",NO,"TE51","335","366","357.0","11.4","-"
"372",12,"Colbie Young",CIN,"WR133","275","383","325.9","40.5","-"
"373",12,"Ja'Tavion Sanders",CAR,"TE52","294","374","340.1","25.4","-"
"374",12,"Anthony Richardson Sr.",IND,"QB40","322","583","420.6","92.4","-"
"375",12,"Ben Sinnott",WAS,"TE53","284","371","341.9","30.1","-"
"376",12,"Kevin Coleman Jr.",MIA,"WR134","332","378","358.0","15.8","-"
"377",12,"Demarcus Robinson",SF,"WR135","297","407","357.3","36.0","-"
"378",12,"Tommy Tremble",CAR,"TE54","301","374","346.0","22.0","-"
"379",12,"Tyler Bass",BUF,"K19","252","328","295.8","25.9","-137"
"380",12,"Trey Smack",GB,"K20","249","382","293.2","48.4","-176"
"381",12,"Mitchell Evans",CAR,"TE55","339","376","357.5","14.2","-"
"382",12,"Cedric Tillman",NO,"WR136","292","433","345.1","39.8","-"
"383",12,"Kyle Juszczyk",SF,"RB109","265","355","304.0","32.3","-"
"384",12,"Luke Musgrave",GB,"TE56","381","439","406.3","24.2","-"
"385",12,"Daniel Bellinger",TEN,"TE57","316","389","354.6","26.9","-"
"386",12,"New York Giants",NYG,"DST24","241","499","320.4","91.5","-159"
"387",12,"Ty Simpson",LAR,"QB41","332","586","407.9","84.4","-"
"388",12,"Jameis Winston",NYG,"QB42","343","694","435.3","125.3","-"
"389",12,"Tennessee Titans",TEN,"DST25","259","494","376.5","117.5","-161"
"390",12,"Dylan Laube",LV,"RB110","317","426","353.0","40.2","-"
"391",12,"Jaylin Lane",WAS,"WR137","296","387","361.4","33.6","-"
"392",12,"Joe Flacco",CIN,"QB43","338","584","415.7","91.8","-"
"393",12,"Elijah Higgins",ARI,"TE58","340","393","362.5","21.8","-"
"394",12,"Hunter Luepke",DAL,"RB111","190","370","298.3","72.7","-"
"395",12,"Jawhar Jordan",HOU,"RB112","314","391","357.2","24.9","-"
"396",12,"Ashton Dulin",IND,"WR138","318","524","382.6","73.1","-"
"397",12,"Corey Kiner",NE,"RB113","262","415","343.0","56.3","-"
"398",12,"Jackson Hawes",BUF,"TE59","326","367","344.8","13.3","-"
"399",12,"Austin Ekeler",FA,"RB114","304","438","346.6","50.3","-143"
"400",12,"Jeremy McNichols",WAS,"RB115","323","398","359.6","29.1","-"
"401",12,"Ameer Abdullah",JAC,"RB116","325","413","354.4","32.1","-"
"402",12,"Devontez Walker",BAL,"WR139","285","489","347.8","83.5","-"
"403",12,"Jordan Whittington",LAR,"WR140","320","436","362.4","45.4","-"
"404",12,"Ronnie Rivers",LAR,"RB117","293","402","359.6","39.6","-"
"405",12,"John Bates",WAS,"TE60","267","421","342.3","62.9","-"
"406",12,"Austin Hooper",ATL,"TE61","306","391","360.2","28.3","-"
"407",12,"Josh Oliver",MIN,"TE62","249","371","307.3","52.2","-"
"408",12,"Dyami Brown",WAS,"WR141","374","645","509.5","135.5","-"
"409",12,"Antonio Williams",FA,"RB118","235","286","259.3","20.9","-"
"410",12,"Joey Slye",TEN,"K21","","","","","-"
"411",12,"Tai Felton",MIN,"WR142","311","535","385.0","88.3","-"
"412",13,"Tanner Koziol",JAC,"TE63","307","365","339.0","24.1","-"
"413",13,"Tutu Atwell",LAR,"WR143","311","384","354.2","25.4","-"
"414",13,"Jam Miller",FA,"RB119","303","365","335.0","25.4","-"
"415",13,"Will Kacmarek",MIA,"TE64","310","392","348.0","33.7","-"
"416",13,"Nate Boerkircher",JAC,"TE65","378","398","388.0","10.0","-"
"417",13,"Barion Brown",NO,"WR144","306","600","399.8","117.9","-"
"418",13,"Tyler Badie",DEN,"RB120","357","480","391.4","45.5","-"
"419",13,"Luke Schoonmaker",DAL,"TE66","356","405","383.3","20.4","-"
"420",13,"J'Mari Taylor",JAC,"RB121","315","497","399.3","74.9","-"
"421",13,"John Metchie III",CAR,"WR145","322","596","396.6","101.9","-"
"422",13,"Chad Ryland",ARI,"K22","","","","","-"
"423",13,"Deion Burks",IND,"WR146","323","595","421.3","123.2","-"
"424",13,"Tyler Goodson",ATL,"RB122","328","393","364.7","27.2","-"
"425",13,"Dont'e Thornton Jr.",LV,"WR147","278","604","390.4","88.8","-"
"426",13,"Marcus Mariota",WAS,"QB44","326","698","464.8","136.0","-"
"427",13,"Jonnu Smith",GB,"TE67","241","392","345.3","60.6","-"
"428",13,"Cade Klubnik",NYJ,"QB45","338","702","460.6","141.3","-"
"429",13,"Dameon Pierce",PHI,"RB123","310","446","386.0","48.8","-"
"430",13,"Marlin Klein",HOU,"TE68","273","391","355.0","48.3","-"
"431",13,"Matt Hibner",BAL,"TE69","233","394","311.3","58.1","-"
"432",13,"Sam Roush",CHI,"TE70","307","404","361.7","40.5","-"
"433",13,"Foster Moreau",HOU,"TE71","363","530","446.5","83.5","-"
"434",13,"Julius Chestnut",TEN,"RB124","362","419","378.8","23.4","-"
"435",13,"Reggie Virgil",ARI,"WR148","355","588","473.3","95.2","-"
"436",13,"Tampa Bay Buccaneers",TB,"DST26","278","496","339.0","81.8","-"
"437",13,"Adam Trautman",DEN,"TE72","325","391","360.5","23.9","-"
"438",13,"Isaiah Williams",NYJ,"WR149","242","343","296.3","41.6","-"
"439",13,"Daniel Carlson",NO,"K23","","","","","-"
"440",13,"Brock Wright",DET,"TE73","322","376","354.3","20.3","-"
"441",13,"AJ Dillon",CAR,"RB125","313","429","356.3","44.9","-"
"442",13,"Justin Joly",MIA,"TE74","287","515","375.8","75.2","-"
"443",13,"Phil Mafah",FA,"RB126","350","411","380.5","30.5","-"
"444",13,"Damien Martinez",FA,"RB127","353","447","400.0","47.0","-"
"445",13,"Jahdae Walker",CHI,"WR150","354","599","439.0","113.2","-"
"446",13,"Jelani Woods",NYJ,"TE75","329","565","453.0","110.5","-"
"447",13,"Cincinnati Bengals",CIN,"DST27","191","284","237.5","46.5","-"
"448",13,"Kene Nwangwu",NYJ,"RB128","369","436","395.0","29.3","-"
"449",13,"Pierre Strong Jr.",GB,"RB129","","","","","-"
"450",13,"Jeremy Ruckert",NYJ,"TE76","392","522","457.0","65.0","-"
"451",13,"Nick Westbrook-Ikhine",FA,"WR151","378","597","453.0","101.8","-"
"452",13,"Joe Milton III",DAL,"QB46","311","691","489.3","163.4","-"
"453",13,"Durham Smythe",BAL,"TE77","351","539","430.3","79.5","-"
"454",13,"Reggie Gilliam",NE,"RB130","252","380","316.0","64.0","-"
"455",13,"Antonio Gibson",FA,"RB131","312","356","334.0","22.0","-"
"456",13,"Jack Endries",CIN,"TE78","","","","","-"
"457",13,"Alec Ingold",LAC,"RB132","371","388","379.5","8.5","-"
"458",13,"Jimmy Horn Jr.",CAR,"WR152","370","383","375.0","5.7","-"
"459",13,"KeAndre Lambert-Smith",LAC,"WR153","397","624","510.5","113.5","-"
"460",13,"Mo Alie-Cox",IND,"TE79","351","406","378.5","27.5","-"
"461",13,"Xavier Smith",LAR,"WR154","","","","","-"
"462",13,"Dohnte Meyers",CIN,"WR155","","","","","-"
"463",13,"Greg Dortch",BUF,"WR156","472","594","533.0","61.0","-"
"464",13,"Tim Patrick",NYJ,"WR157","372","553","462.5","90.5","-"
"465",13,"Seydou Traore",MIA,"TE80","326","394","360.0","34.0","-"
"466",13,"Jermar Jefferson",MIN,"RB133","","","","","-"
"467",13,"Miami Dolphins",MIA,"DST28","287","317","302.0","15.0","-"
"468",13,"Cade Stover",HOU,"TE81","352","444","398.0","46.0","-"
"469",13,"Drew Sample",CIN,"TE82","362","387","374.5","12.5","-"
"470",13,"Josh Williams",TB,"RB134","324","502","392.3","78.3","-"
"471",13,"Patrick Ricard",NYG,"RB135","386","416","401.0","15.0","-"
"472",13,"Luke Farrell",SF,"TE83","403","433","418.0","15.0","-"
"473",13,"Charlie Woerner",ATL,"TE84","414","494","454.0","40.0","-"
"474",13,"Josh Cameron",JAC,"WR158","292","529","400.0","97.9","-"
"475",13,"Jaydn Ott",KC,"RB136","","","","","-"
"476",13,"Brevyn Spann-Ford",DAL,"TE85","390","517","453.5","63.5","-"
"477",13,"Zamir White",NO,"RB137","331","482","406.5","75.5","-"
"478",13,"Jalen Brooks",ARI,"WR159","318","404","368.3","36.6","-"
"479",13,"Brittain Brown",CHI,"RB138","278","346","312.0","34.0","-"
"480",13,"Zach Ertz",FA,"TE86","256","385","331.7","55.0","-"
"481",13,"Tanner Hudson",CIN,"TE87","371","379","374.3","3.4","-"
"482",13,"Max Bredeson",MIN,"RB139","382","427","404.5","22.5","-"
"483",13,"Lew Nichols III",PIT,"RB140","365","481","438.3","52.1","-"
"484",13,"Zavier Scott",CHI,"RB141","374","378","376.0","2.0","-"
"485",13,"Chris Brazzell II",CAR,"WR160","285","596","411.0","115.1","-"
"486",13,"Raheem Mostert",LV,"RB142","","","","","-"
"487",13,"Davis Allen",LAR,"TE88","426","554","490.0","64.0","-"
"488",13,"Tay Martin",DET,"WR161","","","","","-"
"489",13,"Kalel Mullings",TEN,"RB143","463","470","466.5","3.5","-"
"490",14,"Josh Cuevas",BAL,"TE89","","","","","-"
"491",14,"Grant Calcaterra",PHI,"TE90","327","556","441.5","114.5","-"
"492",14,"Joe Royer",CLE,"TE91","342","411","376.5","34.5","-"
"493",14,"Elijah Moore",PHI,"WR162","414","612","513.0","99.0","-"
"494",14,"Jordan Watkins",SF,"WR163","440","603","521.5","81.5","-"
"495",14,"Tyrod Taylor",GB,"QB47","350","688","528.0","138.6","-"
"496",14,"Davis Mills",HOU,"QB48","539","704","621.5","82.5","-"
"497",14,"Jonathan Mingo",DAL,"WR164","356","590","445.0","103.4","-"
"498",14,"Trey Sermon",ATL,"RB144","189","478","333.5","144.5","-"
"499",14,"Nate Adkins",DEN,"TE92","372","434","403.0","31.0","-"
"500",14,"Josh Whyle",GB,"TE93","402","541","471.5","69.5","-"
"501",14,"Darius Cooper",PHI,"WR165","382","536","459.0","77.0","-"
"502",14,"Eric Saubert",SEA,"TE94","441","528","484.5","43.5","-"
"503",14,"Payne Durham",TB,"TE95","447","543","495.0","48.0","-"
"504",14,"Riley Nowakowski",PIT,"TE96","297","380","338.5","41.5","-"
"505",14,"Derius Davis",LAC,"WR166","455","643","549.0","94.0","-"
"506",14,"Efton Chism III",NE,"WR167","","","","","-"
"507",14,"Quinn Ewers",JAC,"QB49","","","","","-"
"508",14,"British Brooks",HOU,"RB145","392","403","397.5","5.5","-"
"509",14,"Brycen Tremayne",CAR,"WR168","322","559","453.3","98.4","-"
"510",14,"Michael Trigg",DAL,"TE97","349","438","393.5","44.5","-"
"511",14,"Trey Lance",LAC,"QB50","369","726","542.3","145.9","-"
"512",14,"Terrell Jennings",FA,"RB146","308","508","408.0","100.0","-"
"513",14,"Ben Sims",MIA,"TE98","461","512","486.5","25.5","-"
"514",14,"Bauer Sharp",TB,"TE99","424","483","453.5","29.5","-"
"515",14,"Bo Melton",GB,"WR169","418","486","452.0","34.0","-"
"516",14,"Drew Ogletree",IND,"TE100","428","437","432.5","4.5","-"
"517",14,"Frank Gore Jr.",BUF,"RB147","301","531","416.0","115.0","-"
"518",14,"Lil'Jordan Humphrey",DEN,"WR170","490","664","577.0","87.0","-"
"519",14,"Jared Wiley",KC,"TE101","417","519","468.0","51.0","-"
"520",14,"Dante Miller",FA,"RB148","332","512","422.0","90.0","-"
"521",14,"Gardner Minshew II",ARI,"QB51","570","715","642.5","72.5","-"
"522",14,"Kylen Granson",TEN,"TE102","460","564","512.0","52.0","-"
"523",14,"Eric Gray",FA,"RB149","452","454","453.0","1.0","-"
"524",14,"Ben Yurosek",MIN,"TE103","","","","","-"
"525",14,"Kaden Wetjen",PIT,"WR171","363","368","365.5","2.5","-"
"526",14,"Taylen Green",CLE,"QB52","363","685","553.0","137.7","-"
"527",14,"Tyler Conklin",DET,"TE104","500","574","537.0","37.0","-"
"528",14,"Blake Whiteheart",CLE,"TE105","488","548","518.0","30.0","-"
"529",14,"Skyy Moore",GB,"WR172","423","673","548.0","125.0","-"
"530",14,"Carlos Washington Jr.",FA,"RB150","420","503","461.5","41.5","-"
"531",14,"Robert Tonyan",PIT,"TE106","","","","","-"
"532",14,"J. Michael Sturdivant",GB,"WR173","","","","","-"
"533",14,"Laquon Treadwell",IND,"WR174","379","662","487.7","124.5","-"
"534",14,"Arian Smith",NYJ,"WR175","413","623","518.0","105.0","-"
"535",14,"Devin Duvernay",ARI,"WR176","","","","","-"
"536",14,"Montorie Foster Jr.",SEA,"WR177","","","","","-"
"537",14,"Jared Wayne",HOU,"WR178","","","","","-"
"538",14,"Brevin Jordan",HOU,"TE107","527","549","538.0","11.0","-"
"539",14,"Dareke Young",LV,"WR179","","","","","-"
"540",14,"Camden Brown",DAL,"WR180","","","","","-"
"541",14,"Isaiah Williams",FA,"WR181","306","423","364.5","58.5","-"
"542",14,"Malachi Corley",CLE,"WR182","453","665","559.0","106.0","-"
"543",14,"Ian Thomas",LV,"TE108","377","532","454.5","77.5","-"
"544",14,"Tyrell Shavers",BUF,"WR183","462","605","533.5","71.5","-"
"545",14,"Julian Hill",NE,"TE109","313","496","404.5","91.5","-"
"546",14,"Ben Skowronek",PIT,"WR184","","","","","-"
"547",14,"Kameron Johnson",TB,"WR185","495","520","507.5","12.5","-"
"548",15,"David Sills V",TB,"WR186","","","","","-"
"549",15,"LaJohntay Wester",BAL,"WR187","566","661","613.5","47.5","-"
"550",15,"Myles Price",MIN,"WR188","","","","","-"
"551",15,"Tip Reiman",ARI,"TE110","507","575","541.0","34.0","-"
"552",15,"Johnny Mundt",PHI,"TE111","381","457","421.0","31.2","-"
"553",15,"Tommy Myers",FA,"TE112","","","","","-"
"554",15,"Tylan Wallace",CLE,"WR189","551","622","586.5","35.5","-"
"555",15,"Chris Manhertz",NYG,"TE113","420","536","478.0","58.0","-"
"556",15,"Chris Blair",ATL,"WR190","394","638","526.7","100.8","-"
"557",15,"Jacob Cowing",SF,"WR191","513","651","582.0","69.0","-"
"558",15,"Connor Heyward",LV,"TE114","513","576","544.5","31.5","-"
"559",15,"CJ Williams",JAC,"WR192","449","504","476.5","27.5","-"
"560",15,"Simi Fehoko",ARI,"WR193","","","","","-"
"561",15,"Carsen Ryan",CLE,"TE115","","","","","-"
"562",15,"Tyson Bagent",CHI,"QB53","377","701","540.0","132.3","-"
"563",15,"Nikko Remigio",KC,"WR194","586","668","627.0","41.0","-"
"564",15,"Ke'Shawn Williams",CIN,"WR195","","","","","-"
"565",15,"Mason Tipton",NO,"WR196","372","614","483.7","99.7","-"
"566",15,"Hunter Long",ARI,"TE116","412","526","469.0","57.0","-"
"567",15,"Taysom Hill",FA,"TE117","","","","","-"
"568",15,"Thomas Fidone II",NYG,"TE118","","","","","-"
"569",15,"Tom Kennedy",DET,"WR197","","","","","-"
"570",15,"Ryan Miller",MIA,"WR198","","","","","-"
"571",15,"Jackson Meeks",DET,"WR199","","","","","-"
"572",15,"Jeshaun Jones",MIN,"WR200","","","","","-"
"573",15,"Van Jefferson",WAS,"WR201","368","473","420.5","52.5","-"
"574",15,"Theo Wease Jr.",LAC,"WR202","","","","","-"
"575",15,"Xavier Restrepo",TEN,"WR203","458","680","569.0","111.0","-"
"576",15,"Tyler Huntley",BAL,"QB54","387","544","465.5","78.5","-"
"577",15,"Velus Jones Jr.",SEA,"WR204","463","608","535.5","72.5","-"
"578",15,"Jarrett Stidham",DEN,"QB55","560","695","627.5","67.5","-"
"579",16,"Mitch Tinsley",HOU,"WR205","437","459","448.0","11.0","-"
"580",16,"Sam Howell",DAL,"QB56","553","708","630.5","77.5","-"
"581",16,"Dillon Gabriel",CLE,"QB57","607","689","648.0","41.0","-"
"582",16,"Riley Leonard",IND,"QB58","364","605","484.5","120.5","-"
"583",16,"Spencer Rattler",NO,"QB59","558","706","632.0","74.0","-"
"584",16,"Kevin Austin Jr.",NO,"WR206","429","625","527.0","98.0","-"
"585",16,"Andrew Armstrong",KC,"WR207","","","","","-"
"586",16,"Carson Wentz",MIN,"QB60","609","711","660.0","51.0","-"
"587",16,"Drew Lock",SEA,"QB61","","","","","-"
"588",16,"Andy Dalton",PHI,"QB62","572","692","632.0","60.0","-"
"589",16,"Emmanuel Henderson Jr.",SEA,"WR208","424","472","448.0","24.0","-173"
"590",16,"Anthony Gould",FA,"WR209","419","611","515.0","96.0","-"
"591",16,"Beaux Collins",ATL,"WR210","","","","","-"
"592",16,"Cody White",FA,"WR211","","","","","-"
"593",16,"Dillon Bell",MIN,"WR212","","","","","-"
"594",16,"Dominic Lovett",DET,"WR213","534","593","563.5","29.5","-"
"595",16,"Casey Washington",CAR,"WR214","583","636","609.5","26.5","-"
"596",16,"Jalon Daniels",TB,"QB63","","","","","-"
"597",16,"Kyle Allen",BUF,"QB64","","","","","-"
"598",16,"Jalen Milroe",SEA,"QB65","604","687","645.5","41.5","-"
"599",16,"Mitchell Trubisky",TEN,"QB66","480","699","589.5","109.5","-"
"600",16,"Tommy DeVito",NE,"QB67","549","724","636.5","87.5","-"
"601",16,"Kyle McCord",MIA,"QB68","603","705","654.0","51.0","-"
"602",16,"Kenny Pickett",CAR,"QB69","","","","","-"
"603",16,"Mason Rudolph",PIT,"QB70","573","719","646.0","73.0","-"
"604",16,"Joshua Dobbs",DET,"QB71","552","696","624.0","72.0","-"
"605",16,"Will Howard",PIT,"QB72","","","","","-"
"606",16,"Drew Allar",PIT,"QB73","601","683","642.0","41.0","-"
"607",16,"Tanner McKee",PHI,"QB74","602","709","655.5","53.5","-"
"608",16,"Zach Wilson",NO,"QB75","610","684","647.0","37.0","-"
"609",16,"Aidan O'Connell",LV,"QB76","613","710","661.5","48.5","-"